"STATISTIC","AREA","DATA_VALUE","DAY","MONTH","YEAR","INDICATOR_NAME","INDICATOR_UNITS"
"mean","MAB",20.7644901862511,1,9,1981,"sst","degC"
"mean","MAB",16.3655166088006,1,10,1981,"sst","degC"
"mean","MAB",12.6885296259171,1,11,1981,"sst","degC"
"mean","MAB",9.6954456231533,1,12,1981,"sst","degC"
"mean","MAB",7.01061522777264,1,1,1982,"sst","degC"
"mean","MAB",6.1729870392726,1,2,1982,"sst","degC"
"mean","MAB",6.16081871008262,1,3,1982,"sst","degC"
"mean","MAB",8.15620322349744,1,4,1982,"sst","degC"
"mean","MAB",13.0524728530493,1,5,1982,"sst","degC"
"mean","MAB",16.625955205086,1,6,1982,"sst","degC"
"mean","MAB",22.1502360515105,1,7,1982,"sst","degC"
"mean","MAB",22.5518737890782,1,8,1982,"sst","degC"
"mean","MAB",20.6982337266971,1,9,1982,"sst","degC"
"mean","MAB",17.4501898105328,1,10,1982,"sst","degC"
"mean","MAB",14.4922594852937,1,11,1982,"sst","degC"
"mean","MAB",12.0894091728406,1,12,1982,"sst","degC"
"mean","MAB",9.47223635942508,1,1,1983,"sst","degC"
"mean","MAB",7.68156942709898,1,2,1983,"sst","degC"
"mean","MAB",7.5343141409067,1,3,1983,"sst","degC"
"mean","MAB",8.75421861257309,1,4,1983,"sst","degC"
"mean","MAB",12.8282362864568,1,5,1983,"sst","degC"
"mean","MAB",18.1705859502157,1,6,1983,"sst","degC"
"mean","MAB",22.1461318138318,1,7,1983,"sst","degC"
"mean","MAB",23.0984213804587,1,8,1983,"sst","degC"
"mean","MAB",21.954667868981,1,9,1983,"sst","degC"
"mean","MAB",18.3323816641783,1,10,1983,"sst","degC"
"mean","MAB",14.4340646303617,1,11,1983,"sst","degC"
"mean","MAB",11.3964017574604,1,12,1983,"sst","degC"
"mean","MAB",8.00563093821208,1,1,1984,"sst","degC"
"mean","MAB",7.03821558218736,1,2,1984,"sst","degC"
"mean","MAB",6.76058214872311,1,3,1984,"sst","degC"
"mean","MAB",8.16394510024633,1,4,1984,"sst","degC"
"mean","MAB",12.6604628929725,1,5,1984,"sst","degC"
"mean","MAB",18.1042389013828,1,6,1984,"sst","degC"
"mean","MAB",21.3109275915684,1,7,1984,"sst","degC"
"mean","MAB",23.566889444987,1,8,1984,"sst","degC"
"mean","MAB",21.294580753033,1,9,1984,"sst","degC"
"mean","MAB",17.7318672962678,1,10,1984,"sst","degC"
"mean","MAB",15.1898030354426,1,11,1984,"sst","degC"
"mean","MAB",12.2299186266386,1,12,1984,"sst","degC"
"mean","MAB",9.27807425229977,1,1,1985,"sst","degC"
"mean","MAB",7.17280385066301,1,2,1985,"sst","degC"
"mean","MAB",7.93203622133304,1,3,1985,"sst","degC"
"mean","MAB",9.83059465701763,1,4,1985,"sst","degC"
"mean","MAB",13.9664760980851,1,5,1985,"sst","degC"
"mean","MAB",18.6143790758573,1,6,1985,"sst","degC"
"mean","MAB",22.1777133061336,1,7,1985,"sst","degC"
"mean","MAB",23.8539399562738,1,8,1985,"sst","degC"
"mean","MAB",22.3578115316538,1,9,1985,"sst","degC"
"mean","MAB",18.9796372878246,1,10,1985,"sst","degC"
"mean","MAB",16.0757911241972,1,11,1985,"sst","degC"
"mean","MAB",12.5395811667809,1,12,1985,"sst","degC"
"mean","MAB",9.37713295129629,1,1,1986,"sst","degC"
"mean","MAB",7.852886229295,1,2,1986,"sst","degC"
"mean","MAB",7.48133314695114,1,3,1986,"sst","degC"
"mean","MAB",9.59765966855563,1,4,1986,"sst","degC"
"mean","MAB",13.9415084056365,1,5,1986,"sst","degC"
"mean","MAB",18.7823841681847,1,6,1986,"sst","degC"
"mean","MAB",22.4747042338053,1,7,1986,"sst","degC"
"mean","MAB",23.1240788288606,1,8,1986,"sst","degC"
"mean","MAB",20.354502037244,1,9,1986,"sst","degC"
"mean","MAB",17.9365950706678,1,10,1986,"sst","degC"
"mean","MAB",14.8577740449172,1,11,1986,"sst","degC"
"mean","MAB",12.0590154501108,1,12,1986,"sst","degC"
"mean","MAB",9.0907657354306,1,1,1987,"sst","degC"
"mean","MAB",6.65021595465831,1,2,1987,"sst","degC"
"mean","MAB",6.41817026138306,1,3,1987,"sst","degC"
"mean","MAB",8.88871603012085,1,4,1987,"sst","degC"
"mean","MAB",12.7430170694987,1,5,1987,"sst","degC"
"mean","MAB",18.1119432449341,1,6,1987,"sst","degC"
"mean","MAB",22.5882145808293,1,7,1987,"sst","degC"
"mean","MAB",23.573633878659,1,8,1987,"sst","degC"
"mean","MAB",21.7217669755985,1,9,1987,"sst","degC"
"mean","MAB",16.499198942918,1,10,1987,"sst","degC"
"mean","MAB",12.917839050293,1,11,1987,"sst","degC"
"mean","MAB",9.97539597535745,1,12,1987,"sst","degC"
"mean","MAB",7.39827276132046,1,1,1988,"sst","degC"
"mean","MAB",6.06622976767711,1,2,1988,"sst","degC"
"mean","MAB",6.54747709861168,1,3,1988,"sst","degC"
"mean","MAB",8.84015025847997,1,4,1988,"sst","degC"
"mean","MAB",13.0761585137783,1,5,1988,"sst","degC"
"mean","MAB",17.0511346719204,1,6,1988,"sst","degC"
"mean","MAB",22.0999862670898,1,7,1988,"sst","degC"
"mean","MAB",23.4310450529441,1,8,1988,"sst","degC"
"mean","MAB",20.8794371971717,1,9,1988,"sst","degC"
"mean","MAB",17.0079615813035,1,10,1988,"sst","degC"
"mean","MAB",13.2280116692567,1,11,1988,"sst","degC"
"mean","MAB",10.8107391846486,1,12,1988,"sst","degC"
"mean","MAB",8.53910817610912,1,1,1989,"sst","degC"
"mean","MAB",7.59687710297413,1,2,1989,"sst","degC"
"mean","MAB",6.8863455919119,1,3,1989,"sst","degC"
"mean","MAB",9.46329720325959,1,4,1989,"sst","degC"
"mean","MAB",13.448936022245,1,5,1989,"sst","degC"
"mean","MAB",19.3742952444615,1,6,1989,"sst","degC"
"mean","MAB",22.5028283241468,1,7,1989,"sst","degC"
"mean","MAB",23.1208316118289,1,8,1989,"sst","degC"
"mean","MAB",22.0385243049035,1,9,1989,"sst","degC"
"mean","MAB",17.8171459931594,1,10,1989,"sst","degC"
"mean","MAB",14.5858406751584,1,11,1989,"sst","degC"
"mean","MAB",9.74531820737399,1,12,1989,"sst","degC"
"mean","MAB",7.34176327998822,1,1,1990,"sst","degC"
"mean","MAB",7.36474709144005,1,2,1990,"sst","degC"
"mean","MAB",7.93544397354126,1,3,1990,"sst","degC"
"mean","MAB",9.6424647355691,1,4,1990,"sst","degC"
"mean","MAB",13.0739864496084,1,5,1990,"sst","degC"
"mean","MAB",17.8145910067436,1,6,1990,"sst","degC"
"mean","MAB",22.489739833734,1,7,1990,"sst","degC"
"mean","MAB",23.9637166047708,1,8,1990,"sst","degC"
"mean","MAB",21.6426610115247,1,9,1990,"sst","degC"
"mean","MAB",19.0383634909605,1,10,1990,"sst","degC"
"mean","MAB",14.0962475360968,1,11,1990,"sst","degC"
"mean","MAB",11.4571709559514,1,12,1990,"sst","degC"
"mean","MAB",9.18544232050578,1,1,1991,"sst","degC"
"mean","MAB",7.76553646478898,1,2,1991,"sst","degC"
"mean","MAB",7.68789398242266,1,3,1991,"sst","degC"
"mean","MAB",9.51857928496141,1,4,1991,"sst","degC"
"mean","MAB",14.2969756884453,1,5,1991,"sst","degC"
"mean","MAB",18.5845260620117,1,6,1991,"sst","degC"
"mean","MAB",22.7076950855744,1,7,1991,"sst","degC"
"mean","MAB",23.2172848628117,1,8,1991,"sst","degC"
"mean","MAB",21.7196627494616,1,9,1991,"sst","degC"
"mean","MAB",18.0907737585214,1,10,1991,"sst","degC"
"mean","MAB",13.6476800184983,1,11,1991,"sst","degC"
"mean","MAB",11.5511725988144,1,12,1991,"sst","degC"
"mean","MAB",8.3780362080305,1,1,1992,"sst","degC"
"mean","MAB",6.35648264029087,1,2,1992,"sst","degC"
"mean","MAB",6.49820166612283,1,3,1992,"sst","degC"
"mean","MAB",8.12936733686007,1,4,1992,"sst","degC"
"mean","MAB",11.4208616207807,1,5,1992,"sst","degC"
"mean","MAB",16.9913124475724,1,6,1992,"sst","degC"
"mean","MAB",21.0975346883138,1,7,1992,"sst","degC"
"mean","MAB",22.2574667612712,1,8,1992,"sst","degC"
"mean","MAB",21.1777140984168,1,9,1992,"sst","degC"
"mean","MAB",16.8960360209147,1,10,1992,"sst","degC"
"mean","MAB",13.5196014159765,1,11,1992,"sst","degC"
"mean","MAB",10.4154224615831,1,12,1992,"sst","degC"
"mean","MAB",8.04367229021513,1,1,1993,"sst","degC"
"mean","MAB",5.94851820285504,1,2,1993,"sst","degC"
"mean","MAB",5.70581292617015,1,3,1993,"sst","degC"
"mean","MAB",8.10911262707832,1,4,1993,"sst","degC"
"mean","MAB",12.8308781061417,1,5,1993,"sst","degC"
"mean","MAB",18.0130166762914,1,6,1993,"sst","degC"
"mean","MAB",22.6066992833064,1,7,1993,"sst","degC"
"mean","MAB",22.9562426444812,1,8,1993,"sst","degC"
"mean","MAB",22.098184076945,1,9,1993,"sst","degC"
"mean","MAB",17.5918061231955,1,10,1993,"sst","degC"
"mean","MAB",13.8574731680063,1,11,1993,"sst","degC"
"mean","MAB",10.7395944839869,1,12,1993,"sst","degC"
"mean","MAB",8.15091296954033,1,1,1994,"sst","degC"
"mean","MAB",5.49325811068217,1,2,1994,"sst","degC"
"mean","MAB",5.59737787002172,1,3,1994,"sst","degC"
"mean","MAB",9.39918953333146,1,4,1994,"sst","degC"
"mean","MAB",13.1072155879094,1,5,1994,"sst","degC"
"mean","MAB",19.2614969938229,1,6,1994,"sst","degC"
"mean","MAB",23.0959283779829,1,7,1994,"sst","degC"
"mean","MAB",22.3988414764404,1,8,1994,"sst","degC"
"mean","MAB",19.8955568655943,1,9,1994,"sst","degC"
"mean","MAB",16.689677067292,1,10,1994,"sst","degC"
"mean","MAB",14.69544237577,1,11,1994,"sst","degC"
"mean","MAB",12.0120543015309,1,12,1994,"sst","degC"
"mean","MAB",9.31431076587775,1,1,1995,"sst","degC"
"mean","MAB",7.43677273163429,1,2,1995,"sst","degC"
"mean","MAB",7.23988072933295,1,3,1995,"sst","degC"
"mean","MAB",9.21084081943219,1,4,1995,"sst","degC"
"mean","MAB",12.7831758988209,1,5,1995,"sst","degC"
"mean","MAB",18.2890645491771,1,6,1995,"sst","degC"
"mean","MAB",22.7570251367031,1,7,1995,"sst","degC"
"mean","MAB",23.4194767389542,1,8,1995,"sst","degC"
"mean","MAB",21.7972012153039,1,9,1995,"sst","degC"
"mean","MAB",19.3648232973539,1,10,1995,"sst","degC"
"mean","MAB",15.4005586673052,1,11,1995,"sst","degC"
"mean","MAB",10.5665721917764,1,12,1995,"sst","degC"
"mean","MAB",7.04848289612012,1,1,1996,"sst","degC"
"mean","MAB",5.70486812774952,1,2,1996,"sst","degC"
"mean","MAB",5.56701393738771,1,3,1996,"sst","degC"
"mean","MAB",7.48008529711992,1,4,1996,"sst","degC"
"mean","MAB",12.301101405804,1,5,1996,"sst","degC"
"mean","MAB",18.7516970316569,1,6,1996,"sst","degC"
"mean","MAB",20.7508862813314,1,7,1996,"sst","degC"
"mean","MAB",22.1798688741831,1,8,1996,"sst","degC"
"mean","MAB",20.3362269523816,1,9,1996,"sst","degC"
"mean","MAB",16.2320757645827,1,10,1996,"sst","degC"
"mean","MAB",12.5724270845071,1,11,1996,"sst","degC"
"mean","MAB",9.74888314956274,1,12,1996,"sst","degC"
"mean","MAB",7.94852256285839,1,1,1997,"sst","degC"
"mean","MAB",6.56971414272602,1,2,1997,"sst","degC"
"mean","MAB",7.30636544349866,1,3,1997,"sst","degC"
"mean","MAB",8.80199811397455,1,4,1997,"sst","degC"
"mean","MAB",12.5574736619607,1,5,1997,"sst","degC"
"mean","MAB",16.7943483450474,1,6,1997,"sst","degC"
"mean","MAB",22.5017596122546,1,7,1997,"sst","degC"
"mean","MAB",22.6740474994366,1,8,1997,"sst","degC"
"mean","MAB",21.3166063846686,1,9,1997,"sst","degC"
"mean","MAB",17.9494156128321,1,10,1997,"sst","degC"
"mean","MAB",13.8177022640522,1,11,1997,"sst","degC"
"mean","MAB",10.2898045393137,1,12,1997,"sst","degC"
"mean","MAB",8.39869131430602,1,1,1998,"sst","degC"
"mean","MAB",7.10379653343788,1,2,1998,"sst","degC"
"mean","MAB",6.68604782789181,1,3,1998,"sst","degC"
"mean","MAB",8.60848869421543,1,4,1998,"sst","degC"
"mean","MAB",12.3018922121097,1,5,1998,"sst","degC"
"mean","MAB",17.8482714237311,1,6,1998,"sst","degC"
"mean","MAB",22.5257977607923,1,7,1998,"sst","degC"
"mean","MAB",23.4851012401092,1,8,1998,"sst","degC"
"mean","MAB",22.0642951574081,1,9,1998,"sst","degC"
"mean","MAB",17.7210582879873,1,10,1998,"sst","degC"
"mean","MAB",13.2738851987399,1,11,1998,"sst","degC"
"mean","MAB",11.1774472163274,1,12,1998,"sst","degC"
"mean","MAB",8.60388402449779,1,1,1999,"sst","degC"
"mean","MAB",7.1794284148094,1,2,1999,"sst","degC"
"mean","MAB",6.93476081750332,1,3,1999,"sst","degC"
"mean","MAB",8.86345792183509,1,4,1999,"sst","degC"
"mean","MAB",12.8219319172395,1,5,1999,"sst","degC"
"mean","MAB",18.8488593957363,1,6,1999,"sst","degC"
"mean","MAB",23.0644626421806,1,7,1999,"sst","degC"
"mean","MAB",24.216045819796,1,8,1999,"sst","degC"
"mean","MAB",21.9276063967974,1,9,1999,"sst","degC"
"mean","MAB",18.9279763881977,1,10,1999,"sst","degC"
"mean","MAB",15.6186474873469,1,11,1999,"sst","degC"
"mean","MAB",13.0776258664253,1,12,1999,"sst","degC"
"mean","MAB",9.93488313723833,1,1,2000,"sst","degC"
"mean","MAB",7.90723061928382,1,2,2000,"sst","degC"
"mean","MAB",8.12181619252914,1,3,2000,"sst","degC"
"mean","MAB",10.1172817890461,1,4,2000,"sst","degC"
"mean","MAB",14.0368731229733,1,5,2000,"sst","degC"
"mean","MAB",18.1265552422939,1,6,2000,"sst","degC"
"mean","MAB",22.112867971567,1,7,2000,"sst","degC"
"mean","MAB",22.9955759684245,1,8,2000,"sst","degC"
"mean","MAB",21.336763558021,1,9,2000,"sst","degC"
"mean","MAB",17.5185818892259,1,10,2000,"sst","degC"
"mean","MAB",13.6252766193488,1,11,2000,"sst","degC"
"mean","MAB",10.8585787430788,1,12,2000,"sst","degC"
"mean","MAB",7.74146050795531,1,1,2001,"sst","degC"
"mean","MAB",6.55528556505839,1,2,2001,"sst","degC"
"mean","MAB",6.22966073598617,1,3,2001,"sst","degC"
"mean","MAB",8.22465450824835,1,4,2001,"sst","degC"
"mean","MAB",13.0799186510917,1,5,2001,"sst","degC"
"mean","MAB",19.4478149120624,1,6,2001,"sst","degC"
"mean","MAB",22.0886430300199,1,7,2001,"sst","degC"
"mean","MAB",23.5706197689741,1,8,2001,"sst","degC"
"mean","MAB",22.2576011462089,1,9,2001,"sst","degC"
"mean","MAB",18.1907159169515,1,10,2001,"sst","degC"
"mean","MAB",15.110396248255,1,11,2001,"sst","degC"
"mean","MAB",12.9451097194965,1,12,2001,"sst","degC"
"mean","MAB",10.619998105367,1,1,2002,"sst","degC"
"mean","MAB",8.49162803796622,1,2,2002,"sst","degC"
"mean","MAB",8.49872935368465,1,3,2002,"sst","degC"
"mean","MAB",10.5021963388492,1,4,2002,"sst","degC"
"mean","MAB",13.3861155045338,1,5,2002,"sst","degC"
"mean","MAB",18.4620440018483,1,6,2002,"sst","degC"
"mean","MAB",22.8501400580773,1,7,2002,"sst","degC"
"mean","MAB",24.420791890071,1,8,2002,"sst","degC"
"mean","MAB",21.8782217465914,1,9,2002,"sst","degC"
"mean","MAB",19.3170385311811,1,10,2002,"sst","degC"
"mean","MAB",14.825502204895,1,11,2002,"sst","degC"
"mean","MAB",11.0742098563757,1,12,2002,"sst","degC"
"mean","MAB",8.29263667815771,1,1,2003,"sst","degC"
"mean","MAB",6.48508042677855,1,2,2003,"sst","degC"
"mean","MAB",6.51396179688282,1,3,2003,"sst","degC"
"mean","MAB",7.66104256556584,1,4,2003,"sst","degC"
"mean","MAB",11.563132916964,1,5,2003,"sst","degC"
"mean","MAB",16.6216850965451,1,6,2003,"sst","degC"
"mean","MAB",21.8189705579709,1,7,2003,"sst","degC"
"mean","MAB",23.1349920321734,1,8,2003,"sst","degC"
"mean","MAB",21.8376371041322,1,9,2003,"sst","degC"
"mean","MAB",18.4891559209579,1,10,2003,"sst","degC"
"mean","MAB",14.6528509531266,1,11,2003,"sst","degC"
"mean","MAB",10.7179154224885,1,12,2003,"sst","degC"
"mean","MAB",7.83572851327749,1,1,2004,"sst","degC"
"mean","MAB",5.93853921890259,1,2,2004,"sst","degC"
"mean","MAB",5.57156149668571,1,3,2004,"sst","degC"
"mean","MAB",8.01077078061226,1,4,2004,"sst","degC"
"mean","MAB",14.1012453470475,1,5,2004,"sst","degC"
"mean","MAB",18.5989431625757,1,6,2004,"sst","degC"
"mean","MAB",22.6628762269631,1,7,2004,"sst","degC"
"mean","MAB",23.0361897786458,1,8,2004,"sst","degC"
"mean","MAB",22.1235789861435,1,9,2004,"sst","degC"
"mean","MAB",17.7094933876624,1,10,2004,"sst","degC"
"mean","MAB",13.6591245162181,1,11,2004,"sst","degC"
"mean","MAB",10.9947160231761,1,12,2004,"sst","degC"
"mean","MAB",8.30988570971367,1,1,2005,"sst","degC"
"mean","MAB",5.9422379444807,1,2,2005,"sst","degC"
"mean","MAB",5.80840349930983,1,3,2005,"sst","degC"
"mean","MAB",7.89492799563286,1,4,2005,"sst","degC"
"mean","MAB",11.6682445917374,1,5,2005,"sst","degC"
"mean","MAB",17.9793586437519,1,6,2005,"sst","degC"
"mean","MAB",22.8502327454396,1,7,2005,"sst","degC"
"mean","MAB",24.7333195417355,1,8,2005,"sst","degC"
"mean","MAB",22.9658644553943,1,9,2005,"sst","degC"
"mean","MAB",18.9867770659618,1,10,2005,"sst","degC"
"mean","MAB",14.6142509900607,1,11,2005,"sst","degC"
"mean","MAB",10.8159550862435,1,12,2005,"sst","degC"
"mean","MAB",8.96083192336254,1,1,2006,"sst","degC"
"mean","MAB",7.68157126597869,1,2,2006,"sst","degC"
"mean","MAB",7.226059397673,1,3,2006,"sst","degC"
"mean","MAB",9.73116558515109,1,4,2006,"sst","degC"
"mean","MAB",13.2871477371607,1,5,2006,"sst","degC"
"mean","MAB",18.4256201034937,1,6,2006,"sst","degC"
"mean","MAB",22.8178290342673,1,7,2006,"sst","degC"
"mean","MAB",24.35045606173,1,8,2006,"sst","degC"
"mean","MAB",21.3348336439866,1,9,2006,"sst","degC"
"mean","MAB",18.2431559195885,1,10,2006,"sst","degC"
"mean","MAB",14.6114423507299,1,11,2006,"sst","degC"
"mean","MAB",12.3728136160435,1,12,2006,"sst","degC"
"mean","MAB",10.9865539501875,1,1,2007,"sst","degC"
"mean","MAB",7.65843941737444,1,2,2007,"sst","degC"
"mean","MAB",6.58173515368731,1,3,2007,"sst","degC"
"mean","MAB",8.22559640835493,1,4,2007,"sst","degC"
"mean","MAB",12.3901254409399,1,5,2007,"sst","degC"
"mean","MAB",17.8252816567054,1,6,2007,"sst","degC"
"mean","MAB",22.5873129918025,1,7,2007,"sst","degC"
"mean","MAB",23.9797678922996,1,8,2007,"sst","degC"
"mean","MAB",22.2476490901067,1,9,2007,"sst","degC"
"mean","MAB",19.6669706100073,1,10,2007,"sst","degC"
"mean","MAB",13.642363802592,1,11,2007,"sst","degC"
"mean","MAB",10.2335680081294,1,12,2007,"sst","degC"
"mean","MAB",8.43095930539645,1,1,2008,"sst","degC"
"mean","MAB",7.08886456122765,1,2,2008,"sst","degC"
"mean","MAB",7.44027277873113,1,3,2008,"sst","degC"
"mean","MAB",9.8559724245316,1,4,2008,"sst","degC"
"mean","MAB",12.1851477940877,1,5,2008,"sst","degC"
"mean","MAB",18.8776782353719,1,6,2008,"sst","degC"
"mean","MAB",22.9665800730387,1,7,2008,"sst","degC"
"mean","MAB",23.5675792694092,1,8,2008,"sst","degC"
"mean","MAB",21.5862080696302,1,9,2008,"sst","degC"
"mean","MAB",17.7901386065361,1,10,2008,"sst","degC"
"mean","MAB",13.8660441276355,1,11,2008,"sst","degC"
"mean","MAB",11.3200725384248,1,12,2008,"sst","degC"
"mean","MAB",8.19798491795858,1,1,2009,"sst","degC"
"mean","MAB",6.37596138073848,1,2,2009,"sst","degC"
"mean","MAB",6.53329512767303,1,3,2009,"sst","degC"
"mean","MAB",8.58983742885101,1,4,2009,"sst","degC"
"mean","MAB",13.4093512461736,1,5,2009,"sst","degC"
"mean","MAB",18.1614594337268,1,6,2009,"sst","degC"
"mean","MAB",22.0753790733142,1,7,2009,"sst","degC"
"mean","MAB",24.6643302819668,1,8,2009,"sst","degC"
"mean","MAB",22.2896764412904,1,9,2009,"sst","degC"
"mean","MAB",17.813521531912,1,10,2009,"sst","degC"
"mean","MAB",14.9217654643915,1,11,2009,"sst","degC"
"mean","MAB",12.2981105413192,1,12,2009,"sst","degC"
"mean","MAB",7.55806929025895,1,1,2010,"sst","degC"
"mean","MAB",5.92268485778417,1,2,2010,"sst","degC"
"mean","MAB",5.94824635432317,1,3,2010,"sst","degC"
"mean","MAB",9.8247279387254,1,4,2010,"sst","degC"
"mean","MAB",13.6937946075048,1,5,2010,"sst","degC"
"mean","MAB",20.1776558607053,1,6,2010,"sst","degC"
"mean","MAB",24.2231804969983,1,7,2010,"sst","degC"
"mean","MAB",24.6357050088736,1,8,2010,"sst","degC"
"mean","MAB",22.1322730235564,1,9,2010,"sst","degC"
"mean","MAB",18.236591842847,1,10,2010,"sst","degC"
"mean","MAB",13.9953500943306,1,11,2010,"sst","degC"
"mean","MAB",10.17314453125,1,12,2010,"sst","degC"
"mean","MAB",7.15861521011744,1,1,2011,"sst","degC"
"mean","MAB",6.34602182950729,1,2,2011,"sst","degC"
"mean","MAB",6.6610221862793,1,3,2011,"sst","degC"
"mean","MAB",8.51684425305097,1,4,2011,"sst","degC"
"mean","MAB",14.5939632807022,1,5,2011,"sst","degC"
"mean","MAB",20.5766987238175,1,6,2011,"sst","degC"
"mean","MAB",23.6098688272329,1,7,2011,"sst","degC"
"mean","MAB",24.2223733755258,1,8,2011,"sst","degC"
"mean","MAB",21.6709721100636,1,9,2011,"sst","degC"
"mean","MAB",19.2601782383063,1,10,2011,"sst","degC"
"mean","MAB",14.7447244350727,1,11,2011,"sst","degC"
"mean","MAB",12.8824364099747,1,12,2011,"sst","degC"
"mean","MAB",10.324545664665,1,1,2012,"sst","degC"
"mean","MAB",8.80357185510489,1,2,2012,"sst","degC"
"mean","MAB",9.9243074514927,1,3,2012,"sst","degC"
"mean","MAB",11.1010852275751,1,4,2012,"sst","degC"
"mean","MAB",15.6155893570338,1,5,2012,"sst","degC"
"mean","MAB",19.8485038219354,1,6,2012,"sst","degC"
"mean","MAB",24.6334733522855,1,7,2012,"sst","degC"
"mean","MAB",25.156998639229,1,8,2012,"sst","degC"
"mean","MAB",23.0372455988175,1,9,2012,"sst","degC"
"mean","MAB",19.0761980790358,1,10,2012,"sst","degC"
"mean","MAB",14.4967158879989,1,11,2012,"sst","degC"
"mean","MAB",12.3372238843869,1,12,2012,"sst","degC"
"mean","MAB",9.63315281256651,1,1,2013,"sst","degC"
"mean","MAB",8.12913352281619,1,2,2013,"sst","degC"
"mean","MAB",7.06804284804907,1,3,2013,"sst","degC"
"mean","MAB",8.90965450237959,1,4,2013,"sst","degC"
"mean","MAB",13.3349095417903,1,5,2013,"sst","degC"
"mean","MAB",18.019279944591,1,6,2013,"sst","degC"
"mean","MAB",23.1340987278865,1,7,2013,"sst","degC"
"mean","MAB",23.0758158561511,1,8,2013,"sst","degC"
"mean","MAB",21.9651653289795,1,9,2013,"sst","degC"
"mean","MAB",19.1876687269944,1,10,2013,"sst","degC"
"mean","MAB",14.843712518154,1,11,2013,"sst","degC"
"mean","MAB",11.376957551027,1,12,2013,"sst","degC"
"mean","MAB",8.5277715365092,1,1,2014,"sst","degC"
"mean","MAB",7.04443755516639,1,2,2014,"sst","degC"
"mean","MAB",6.58700892375066,1,3,2014,"sst","degC"
"mean","MAB",8.39983403132512,1,4,2014,"sst","degC"
"mean","MAB",14.1859649218046,1,5,2014,"sst","degC"
"mean","MAB",19.893081611242,1,6,2014,"sst","degC"
"mean","MAB",22.9632203322191,1,7,2014,"sst","degC"
"mean","MAB",23.8150697757036,1,8,2014,"sst","degC"
"mean","MAB",23.2699533315805,1,9,2014,"sst","degC"
"mean","MAB",19.848262601021,1,10,2014,"sst","degC"
"mean","MAB",15.0193039380587,1,11,2014,"sst","degC"
"mean","MAB",11.5676920230572,1,12,2014,"sst","degC"
"mean","MAB",8.94284347020663,1,1,2015,"sst","degC"
"mean","MAB",5.8888460287681,1,2,2015,"sst","degC"
"mean","MAB",6.14127694154397,1,3,2015,"sst","degC"
"mean","MAB",8.85344254909418,1,4,2015,"sst","degC"
"mean","MAB",14.7670617079123,1,5,2015,"sst","degC"
"mean","MAB",19.7431842021453,1,6,2015,"sst","degC"
"mean","MAB",23.9673874683869,1,7,2015,"sst","degC"
"mean","MAB",25.3507835192558,1,8,2015,"sst","degC"
"mean","MAB",24.1385036761944,1,9,2015,"sst","degC"
"mean","MAB",19.0769358855027,1,10,2015,"sst","degC"
"mean","MAB",15.9226372889983,1,11,2015,"sst","degC"
"mean","MAB",13.7581519004626,1,12,2015,"sst","degC"
"mean","MAB",10.4443918252603,1,1,2016,"sst","degC"
"mean","MAB",7.87863643597334,1,2,2016,"sst","degC"
"mean","MAB",8.41739598298684,1,3,2016,"sst","degC"
"mean","MAB",9.90512283765353,1,4,2016,"sst","degC"
"mean","MAB",12.952037747701,1,5,2016,"sst","degC"
"mean","MAB",18.678184176714,1,6,2016,"sst","degC"
"mean","MAB",23.8357480073586,1,7,2016,"sst","degC"
"mean","MAB",25.3757678203094,1,8,2016,"sst","degC"
"mean","MAB",23.021785843678,1,9,2016,"sst","degC"
"mean","MAB",19.5005487979987,1,10,2016,"sst","degC"
"mean","MAB",15.0809295801016,1,11,2016,"sst","degC"
"mean","MAB",12.1240410975921,1,12,2016,"sst","degC"
"mean","MAB",9.92919248434213,1,1,2017,"sst","degC"
"mean","MAB",8.28156390801454,1,2,2017,"sst","degC"
"mean","MAB",7.50738777013925,1,3,2017,"sst","degC"
"mean","MAB",9.70668012667925,1,4,2017,"sst","degC"
"mean","MAB",13.0984926908444,1,5,2017,"sst","degC"
"mean","MAB",18.1900730377589,1,6,2017,"sst","degC"
"mean","MAB",23.0328298715445,1,7,2017,"sst","degC"
"mean","MAB",23.5910713978303,1,8,2017,"sst","degC"
"mean","MAB",21.4675021147117,1,9,2017,"sst","degC"
"mean","MAB",19.9209192911784,1,10,2017,"sst","degC"
"mean","MAB",15.8979056725135,1,11,2017,"sst","degC"
"mean","MAB",12.0926101488945,1,12,2017,"sst","degC"
"mean","MAB",7.53144396818601,1,1,2018,"sst","degC"
"mean","MAB",6.99262989606613,1,2,2018,"sst","degC"
"mean","MAB",6.45085509373591,1,3,2018,"sst","degC"
"mean","MAB",8.27854338181325,1,4,2018,"sst","degC"
"mean","MAB",13.6123570026496,1,5,2018,"sst","degC"
"mean","MAB",19.0686525247036,1,6,2018,"sst","degC"
"mean","MAB",23.4581715119191,1,7,2018,"sst","degC"
"mean","MAB",25.1096453642234,1,8,2018,"sst","degC"
"mean","MAB",23.1588559077336,1,9,2018,"sst","degC"
"mean","MAB",19.5613891308124,1,10,2018,"sst","degC"
"mean","MAB",14.3945586864765,1,11,2018,"sst","degC"
"mean","MAB",10.3878211241502,1,12,2018,"sst","degC"
"mean","MAB",8.46703868034558,1,1,2019,"sst","degC"
"mean","MAB",6.86214270836268,1,2,2019,"sst","degC"
"mean","MAB",6.54348206397815,1,3,2019,"sst","degC"
"mean","MAB",9.63073312319242,1,4,2019,"sst","degC"
"mean","MAB",14.274266013121,1,5,2019,"sst","degC"
"mean","MAB",19.246040618114,1,6,2019,"sst","degC"
"mean","MAB",23.9708381555019,1,7,2019,"sst","degC"
"mean","MAB",24.6689490000407,1,8,2019,"sst","degC"
"mean","MAB",22.88994823358,1,9,2019,"sst","degC"
"mean","MAB",19.5540177369729,1,10,2019,"sst","degC"
"mean","MAB",15.4010167879936,1,11,2019,"sst","degC"
"mean","MAB",11.364517556704,1,12,2019,"sst","degC"
"mean","MAB",9.3855035219437,1,1,2020,"sst","degC"
"mean","MAB",8.28666825661293,1,2,2020,"sst","degC"
"mean","MAB",8.434649902735,1,3,2020,"sst","degC"
"mean","MAB",9.31248869040074,1,4,2020,"sst","degC"
"mean","MAB",12.3386316250532,1,5,2020,"sst","degC"
"mean","MAB",18.238110723251,1,6,2020,"sst","degC"
"mean","MAB",24.2060209518824,1,7,2020,"sst","degC"
"mean","MAB",24.5100325462146,1,8,2020,"sst","degC"
"mean","MAB",22.6769909785344,1,9,2020,"sst","degC"
"mean","MAB",19.3291774162879,1,10,2020,"sst","degC"
"mean","MAB",16.054710706075,1,11,2020,"sst","degC"
"mean","MAB",12.5039318916125,1,12,2020,"sst","degC"
"mean","MAB",9.31053410554544,1,1,2021,"sst","degC"
"mean","MAB",7.33685331589136,1,2,2021,"sst","degC"
"mean","MAB",7.91789887012579,1,3,2021,"sst","degC"
"mean","MAB",9.74619808686085,1,4,2021,"sst","degC"
"mean","MAB",14.1117564812685,1,5,2021,"sst","degC"
"mean","MAB",19.445269648234,1,6,2021,"sst","degC"
"mean","MAB",23.290484169202,1,7,2021,"sst","degC"
"mean","MAB",24.6817215748322,1,8,2021,"sst","degC"
"mean","MAB",23.3080678890913,1,9,2021,"sst","degC"
"mean","MAB",20.5448714720897,1,10,2021,"sst","degC"
"mean","MAB",15.4516595106858,1,11,2021,"sst","degC"
"mean","MAB",11.9900841150528,1,12,2021,"sst","degC"
"mean","MAB",9.74753494262695,1,1,2022,"sst","degC"
"mean","MAB",7.9518203270741,1,2,2022,"sst","degC"
"mean","MAB",8.46245801632221,1,3,2022,"sst","degC"
"mean","MAB",9.8707074923393,1,4,2022,"sst","degC"
"mean","MAB",12.4152619043986,1,5,2022,"sst","degC"
"mean","MAB",19.4920285934057,1,6,2022,"sst","degC"
"mean","MAB",23.7458770751953,1,7,2022,"sst","degC"
"mean","MAB",24.8341895763691,1,8,2022,"sst","degC"
"mean","MAB",23.0784694867256,1,9,2022,"sst","degC"
"mean","MAB",18.0198143298809,1,10,2022,"sst","degC"
"mean","MAB",16.2612919147198,1,11,2022,"sst","degC"
"mean","MAB",12.2046481743837,1,12,2022,"sst","degC"
"mean","MAB",9.72574007083208,1,1,2023,"sst","degC"
"mean","MAB",8.71273605151054,1,2,2023,"sst","degC"
"mean","MAB",8.16285671576476,1,3,2023,"sst","degC"
"mean","MAB",10.5367638318967,1,4,2023,"sst","degC"
"mean","MAB",14.2992966431838,1,5,2023,"sst","degC"
"mean","MAB",18.3988303746933,1,6,2023,"sst","degC"
"mean","MAB",24.4653692196577,1,7,2023,"sst","degC"
"mean","MAB",24.1446727165809,1,8,2023,"sst","degC"
"mean","MAB",22.6089927477714,1,9,2023,"sst","degC"
"mean","MAB",18.282919331086,1,10,2023,"sst","degC"
"mean","MAB",14.2650270559849,1,11,2023,"sst","degC"
"mean","MAB",10.5998608026749,1,12,2023,"sst","degC"
"mean","MAB",8.41637699909699,1,1,2024,"sst","degC"
"mean","MAB",6.86145342313326,1,2,2024,"sst","degC"
"mean","MAB",7.86735463998257,1,3,2024,"sst","degC"
"mean","MAB",8.7651143514193,1,4,2024,"sst","degC"
"mean","MAB",12.7683653220152,1,5,2024,"sst","degC"
"mean","MAB",20.075970463875,1,6,2024,"sst","degC"
"mean","MAB",23.170317087418,1,7,2024,"sst","degC"
"mean","MAB",23.3560209812262,1,8,2024,"sst","degC"
"mean","MAB",22.1990986065987,1,9,2024,"sst","degC"
"mean","MAB",19.1735645098564,1,10,2024,"sst","degC"
"mean","MAB",15.7127637031751,1,11,2024,"sst","degC"
"mean","MAB",11.2643984452272,1,12,2024,"sst","degC"
"mean","MAB",8.11109657165332,1,1,2025,"sst","degC"
"mean","MAB",6.1205731294094,1,2,2025,"sst","degC"
"mean","MAB",6.51711978912354,1,3,2025,"sst","degC"
"mean","MAB",8.90017927609957,1,4,2025,"sst","degC"
"mean","MAB",14.0590600282718,1,5,2025,"sst","degC"
"mean","MAB",19.0036593852899,1,6,2025,"sst","degC"
"mean","MAB",24.2821102533585,1,7,2025,"sst","degC"
"mean","MAB",23.7576999566494,1,8,2025,"sst","degC"
"mean","MAB",21.7894525283422,1,9,2025,"sst","degC"
"mean","MAB",18.8559086628449,1,10,2025,"sst","degC"
"mean","MAB",14.0905364207732,1,11,2025,"sst","degC"
"mean","MAB",10.1700973461836,1,12,2025,"sst","degC"
"mean","MAB",7.68316274178334,1,1,2026,"sst","degC"
"mean","MAB",4.61526728960184,1,2,2026,"sst","degC"
"mean","MAB",5.58768392342787,1,3,2026,"sst","degC"
"mean","GB",16.6963153638338,1,9,1981,"sst","degC"
"mean","GB",13.7222804019326,1,10,1981,"sst","degC"
"mean","GB",11.5753126060754,1,11,1981,"sst","degC"
"mean","GB",8.44297941944055,1,12,1981,"sst","degC"
"mean","GB",6.39599589715924,1,1,1982,"sst","degC"
"mean","GB",6.00614962870615,1,2,1982,"sst","degC"
"mean","GB",5.23074689873478,1,3,1982,"sst","degC"
"mean","GB",6.20757001742982,1,4,1982,"sst","degC"
"mean","GB",8.55761724605895,1,5,1982,"sst","degC"
"mean","GB",12.1524149074889,1,6,1982,"sst","degC"
"mean","GB",16.9083414747004,1,7,1982,"sst","degC"
"mean","GB",17.4400477911297,1,8,1982,"sst","degC"
"mean","GB",16.4351838764391,1,9,1982,"sst","degC"
"mean","GB",14.0334886249743,1,10,1982,"sst","degC"
"mean","GB",12.5878973592792,1,11,1982,"sst","degC"
"mean","GB",10.4726313289843,1,12,1982,"sst","degC"
"mean","GB",8.35774743766115,1,1,1983,"sst","degC"
"mean","GB",6.81292590760348,1,2,1983,"sst","degC"
"mean","GB",6.5241170264127,1,3,1983,"sst","degC"
"mean","GB",6.96670159540678,1,4,1983,"sst","degC"
"mean","GB",9.42275020114162,1,5,1983,"sst","degC"
"mean","GB",13.1582102106329,1,6,1983,"sst","degC"
"mean","GB",15.6874105302911,1,7,1983,"sst","degC"
"mean","GB",17.2294930993465,1,8,1983,"sst","degC"
"mean","GB",17.3358884694283,1,9,1983,"sst","degC"
"mean","GB",15.2155373723883,1,10,1983,"sst","degC"
"mean","GB",12.4177482839216,1,11,1983,"sst","degC"
"mean","GB",9.46363306882089,1,12,1983,"sst","degC"
"mean","GB",6.92482437167251,1,1,1984,"sst","degC"
"mean","GB",6.27235617972257,1,2,1984,"sst","degC"
"mean","GB",6.03878311107033,1,3,1984,"sst","degC"
"mean","GB",6.32863141779314,1,4,1984,"sst","degC"
"mean","GB",8.89868120979845,1,5,1984,"sst","degC"
"mean","GB",12.7912102916784,1,6,1984,"sst","degC"
"mean","GB",16.894031892743,1,7,1984,"sst","degC"
"mean","GB",19.288564966436,1,8,1984,"sst","degC"
"mean","GB",17.2589645134775,1,9,1984,"sst","degC"
"mean","GB",14.5126652466623,1,10,1984,"sst","degC"
"mean","GB",12.2610845231173,1,11,1984,"sst","degC"
"mean","GB",10.1123201219659,1,12,1984,"sst","degC"
"mean","GB",7.44511020392702,1,1,1985,"sst","degC"
"mean","GB",5.76302305020784,1,2,1985,"sst","degC"
"mean","GB",5.70589119927925,1,3,1985,"sst","degC"
"mean","GB",6.85514897630926,1,4,1985,"sst","degC"
"mean","GB",9.37891037422314,1,5,1985,"sst","degC"
"mean","GB",12.4281401048627,1,6,1985,"sst","degC"
"mean","GB",16.7510097821554,1,7,1985,"sst","degC"
"mean","GB",18.4860069207978,1,8,1985,"sst","degC"
"mean","GB",17.4427394114043,1,9,1985,"sst","degC"
"mean","GB",15.3740884212025,1,10,1985,"sst","degC"
"mean","GB",12.2798594006321,1,11,1985,"sst","degC"
"mean","GB",9.32384247110601,1,12,1985,"sst","degC"
"mean","GB",6.8230105868557,1,1,1986,"sst","degC"
"mean","GB",5.68649424168102,1,2,1986,"sst","degC"
"mean","GB",5.53614022020708,1,3,1986,"sst","degC"
"mean","GB",7.19557295765793,1,4,1986,"sst","degC"
"mean","GB",9.61604668801291,1,5,1986,"sst","degC"
"mean","GB",12.3570377868518,1,6,1986,"sst","degC"
"mean","GB",16.4338422825462,1,7,1986,"sst","degC"
"mean","GB",18.7706136034246,1,8,1986,"sst","degC"
"mean","GB",16.2999587059021,1,9,1986,"sst","degC"
"mean","GB",14.1372917242217,1,10,1986,"sst","degC"
"mean","GB",11.5811166846961,1,11,1986,"sst","degC"
"mean","GB",9.10923297781693,1,12,1986,"sst","degC"
"mean","GB",6.96959801305804,1,1,1987,"sst","degC"
"mean","GB",5.33700802869964,1,2,1987,"sst","degC"
"mean","GB",4.71647413153397,1,3,1987,"sst","degC"
"mean","GB",6.55542383277625,1,4,1987,"sst","degC"
"mean","GB",8.92163820015757,1,5,1987,"sst","degC"
"mean","GB",12.0720699042605,1,6,1987,"sst","degC"
"mean","GB",16.0413805058128,1,7,1987,"sst","degC"
"mean","GB",17.5258117725975,1,8,1987,"sst","degC"
"mean","GB",16.4666867172509,1,9,1987,"sst","degC"
"mean","GB",13.4085679137916,1,10,1987,"sst","degC"
"mean","GB",10.8747219955712,1,11,1987,"sst","degC"
"mean","GB",8.23702301895409,1,12,1987,"sst","degC"
"mean","GB",5.69005928123206,1,1,1988,"sst","degC"
"mean","GB",4.6827948156156,1,2,1988,"sst","degC"
"mean","GB",4.85219854430148,1,3,1988,"sst","degC"
"mean","GB",5.96122212159006,1,4,1988,"sst","degC"
"mean","GB",9.05617976606938,1,5,1988,"sst","degC"
"mean","GB",12.2922278036151,1,6,1988,"sst","degC"
"mean","GB",17.2330442980716,1,7,1988,"sst","degC"
"mean","GB",19.1075321164048,1,8,1988,"sst","degC"
"mean","GB",16.893037670537,1,9,1988,"sst","degC"
"mean","GB",13.8848638367235,1,10,1988,"sst","degC"
"mean","GB",11.0325728132014,1,11,1988,"sst","degC"
"mean","GB",8.27323693559881,1,12,1988,"sst","degC"
"mean","GB",6.05543279647827,1,1,1989,"sst","degC"
"mean","GB",5.51442341637193,1,2,1989,"sst","degC"
"mean","GB",4.86317193508148,1,3,1989,"sst","degC"
"mean","GB",5.81580103071112,1,4,1989,"sst","degC"
"mean","GB",8.62058271023265,1,5,1989,"sst","degC"
"mean","GB",12.6688184236225,1,6,1989,"sst","degC"
"mean","GB",16.1583838546485,1,7,1989,"sst","degC"
"mean","GB",18.7221728040461,1,8,1989,"sst","degC"
"mean","GB",18.1119527984084,1,9,1989,"sst","degC"
"mean","GB",14.4333556074845,1,10,1989,"sst","degC"
"mean","GB",12.2026956625152,1,11,1989,"sst","degC"
"mean","GB",7.90564496057075,1,12,1989,"sst","degC"
"mean","GB",6.03062520110816,1,1,1990,"sst","degC"
"mean","GB",5.47492157158099,1,2,1990,"sst","degC"
"mean","GB",5.46541019071612,1,3,1990,"sst","degC"
"mean","GB",6.36381271429229,1,4,1990,"sst","degC"
"mean","GB",8.41086850668255,1,5,1990,"sst","degC"
"mean","GB",13.0001546709161,1,6,1990,"sst","degC"
"mean","GB",16.9443572864198,1,7,1990,"sst","degC"
"mean","GB",20.4187770475421,1,8,1990,"sst","degC"
"mean","GB",19.4358065086499,1,9,1990,"sst","degC"
"mean","GB",16.098378306941,1,10,1990,"sst","degC"
"mean","GB",11.1920026645326,1,11,1990,"sst","degC"
"mean","GB",8.6356364885966,1,12,1990,"sst","degC"
"mean","GB",7.11310679452461,1,1,1991,"sst","degC"
"mean","GB",5.6650155218024,1,2,1991,"sst","degC"
"mean","GB",5.39832753465887,1,3,1991,"sst","degC"
"mean","GB",6.18471914843509,1,4,1991,"sst","degC"
"mean","GB",9.36811521178798,1,5,1991,"sst","degC"
"mean","GB",13.263625404291,1,6,1991,"sst","degC"
"mean","GB",17.5654128057915,1,7,1991,"sst","degC"
"mean","GB",18.7506419232017,1,8,1991,"sst","degC"
"mean","GB",17.3911691799498,1,9,1991,"sst","degC"
"mean","GB",15.1810805755749,1,10,1991,"sst","degC"
"mean","GB",11.3134091025905,1,11,1991,"sst","degC"
"mean","GB",8.77389619643228,1,12,1991,"sst","degC"
"mean","GB",6.35527999777543,1,1,1992,"sst","degC"
"mean","GB",5.2058528870867,1,2,1992,"sst","degC"
"mean","GB",4.5068533357821,1,3,1992,"sst","degC"
"mean","GB",5.34601742761177,1,4,1992,"sst","degC"
"mean","GB",7.96727772344623,1,5,1992,"sst","degC"
"mean","GB",12.4224821391859,1,6,1992,"sst","degC"
"mean","GB",15.5261654351887,1,7,1992,"sst","degC"
"mean","GB",17.99961195494,1,8,1992,"sst","degC"
"mean","GB",17.5441195421052,1,9,1992,"sst","degC"
"mean","GB",14.0265673085263,1,10,1992,"sst","degC"
"mean","GB",10.9534442048324,1,11,1992,"sst","degC"
"mean","GB",8.8401186466217,1,12,1992,"sst","degC"
"mean","GB",6.42286630262408,1,1,1993,"sst","degC"
"mean","GB",5.54361514459577,1,2,1993,"sst","degC"
"mean","GB",5.12898402883295,1,3,1993,"sst","degC"
"mean","GB",6.05720164483054,1,4,1993,"sst","degC"
"mean","GB",8.77846609918695,1,5,1993,"sst","degC"
"mean","GB",12.3406956823249,1,6,1993,"sst","degC"
"mean","GB",16.2957211460984,1,7,1993,"sst","degC"
"mean","GB",18.0619351069132,1,8,1993,"sst","degC"
"mean","GB",17.7525785680403,1,9,1993,"sst","degC"
"mean","GB",14.5834914257652,1,10,1993,"sst","degC"
"mean","GB",11.8483827741523,1,11,1993,"sst","degC"
"mean","GB",9.70475647742288,1,12,1993,"sst","degC"
"mean","GB",6.36842373797768,1,1,1994,"sst","degC"
"mean","GB",4.92231817621934,1,2,1994,"sst","degC"
"mean","GB",5.02180803031252,1,3,1994,"sst","degC"
"mean","GB",6.25192968887195,1,4,1994,"sst","degC"
"mean","GB",8.94979043174208,1,5,1994,"sst","degC"
"mean","GB",14.1025406017638,1,6,1994,"sst","degC"
"mean","GB",19.0810890365065,1,7,1994,"sst","degC"
"mean","GB",19.2564625489084,1,8,1994,"sst","degC"
"mean","GB",16.6760025944626,1,9,1994,"sst","degC"
"mean","GB",14.5222351174606,1,10,1994,"sst","degC"
"mean","GB",12.0146283852427,1,11,1994,"sst","degC"
"mean","GB",9.51441400511223,1,12,1994,"sst","degC"
"mean","GB",7.78762856700964,1,1,1995,"sst","degC"
"mean","GB",6.051751132597,1,2,1995,"sst","degC"
"mean","GB",5.11366431754932,1,3,1995,"sst","degC"
"mean","GB",5.5587455034256,1,4,1995,"sst","degC"
"mean","GB",7.98517808161284,1,5,1995,"sst","degC"
"mean","GB",11.5306517366777,1,6,1995,"sst","degC"
"mean","GB",16.8204721149645,1,7,1995,"sst","degC"
"mean","GB",18.5088706016541,1,8,1995,"sst","degC"
"mean","GB",17.776552150124,1,9,1995,"sst","degC"
"mean","GB",16.0664569955123,1,10,1995,"sst","degC"
"mean","GB",12.4227892139502,1,11,1995,"sst","degC"
"mean","GB",8.66111185257895,1,12,1995,"sst","degC"
"mean","GB",6.31160142965484,1,1,1996,"sst","degC"
"mean","GB",5.21940702931923,1,2,1996,"sst","degC"
"mean","GB",4.3300168911616,1,3,1996,"sst","degC"
"mean","GB",5.63594140086258,1,4,1996,"sst","degC"
"mean","GB",7.8768391107258,1,5,1996,"sst","degC"
"mean","GB",12.6699265848126,1,6,1996,"sst","degC"
"mean","GB",15.0761145290576,1,7,1996,"sst","degC"
"mean","GB",16.8228632609049,1,8,1996,"sst","degC"
"mean","GB",15.4779499288191,1,9,1996,"sst","degC"
"mean","GB",13.2580104543452,1,10,1996,"sst","degC"
"mean","GB",10.3832892367714,1,11,1996,"sst","degC"
"mean","GB",8.50217863551357,1,12,1996,"sst","degC"
"mean","GB",6.63651371838754,1,1,1997,"sst","degC"
"mean","GB",5.29573924499646,1,2,1997,"sst","degC"
"mean","GB",5.14865014845865,1,3,1997,"sst","degC"
"mean","GB",5.87905542892322,1,4,1997,"sst","degC"
"mean","GB",7.75281533442045,1,5,1997,"sst","degC"
"mean","GB",11.9328623403583,1,6,1997,"sst","degC"
"mean","GB",16.9977614754125,1,7,1997,"sst","degC"
"mean","GB",18.0684178168314,1,8,1997,"sst","degC"
"mean","GB",17.7900873987298,1,9,1997,"sst","degC"
"mean","GB",14.4910890512299,1,10,1997,"sst","degC"
"mean","GB",11.4736254675347,1,11,1997,"sst","degC"
"mean","GB",8.36859061425192,1,12,1997,"sst","degC"
"mean","GB",6.69661556628712,1,1,1998,"sst","degC"
"mean","GB",5.18304811862477,1,2,1998,"sst","degC"
"mean","GB",4.92495743224495,1,3,1998,"sst","degC"
"mean","GB",6.02927472716884,1,4,1998,"sst","degC"
"mean","GB",8.73979325461806,1,5,1998,"sst","degC"
"mean","GB",12.3957365855836,1,6,1998,"sst","degC"
"mean","GB",16.2811513699983,1,7,1998,"sst","degC"
"mean","GB",18.8924811011867,1,8,1998,"sst","degC"
"mean","GB",17.0489470331292,1,9,1998,"sst","degC"
"mean","GB",14.0115927813346,1,10,1998,"sst","degC"
"mean","GB",10.8904734494393,1,11,1998,"sst","degC"
"mean","GB",8.75390191245497,1,12,1998,"sst","degC"
"mean","GB",6.84401228971649,1,1,1999,"sst","degC"
"mean","GB",5.86533820210842,1,2,1999,"sst","degC"
"mean","GB",5.19478484203941,1,3,1999,"sst","degC"
"mean","GB",6.46630980675681,1,4,1999,"sst","degC"
"mean","GB",9.82046950490851,1,5,1999,"sst","degC"
"mean","GB",14.1612628133673,1,6,1999,"sst","degC"
"mean","GB",17.7900759964659,1,7,1999,"sst","degC"
"mean","GB",19.7037772128457,1,8,1999,"sst","degC"
"mean","GB",19.4588767436513,1,9,1999,"sst","degC"
"mean","GB",16.4294224454646,1,10,1999,"sst","degC"
"mean","GB",13.0992511699074,1,11,1999,"sst","degC"
"mean","GB",10.4901186625163,1,12,1999,"sst","degC"
"mean","GB",7.573587869343,1,1,2000,"sst","degC"
"mean","GB",5.55131565897088,1,2,2000,"sst","degC"
"mean","GB",6.39585442710341,1,3,2000,"sst","degC"
"mean","GB",7.06324837500589,1,4,2000,"sst","degC"
"mean","GB",9.6135707905418,1,5,2000,"sst","degC"
"mean","GB",13.1032657790602,1,6,2000,"sst","degC"
"mean","GB",16.8877330328289,1,7,2000,"sst","degC"
"mean","GB",18.3930726469609,1,8,2000,"sst","degC"
"mean","GB",17.5103125321238,1,9,2000,"sst","degC"
"mean","GB",14.7260041906123,1,10,2000,"sst","degC"
"mean","GB",11.8655699177792,1,11,2000,"sst","degC"
"mean","GB",8.51890187932734,1,12,2000,"sst","degC"
"mean","GB",6.51260878537831,1,1,2001,"sst","degC"
"mean","GB",5.57750613020177,1,2,2001,"sst","degC"
"mean","GB",5.23186748487908,1,3,2001,"sst","degC"
"mean","GB",5.98062852391026,1,4,2001,"sst","degC"
"mean","GB",8.92440557898137,1,5,2001,"sst","degC"
"mean","GB",14.1488972630417,1,6,2001,"sst","degC"
"mean","GB",17.0191677913331,1,7,2001,"sst","degC"
"mean","GB",19.1396345004701,1,8,2001,"sst","degC"
"mean","GB",18.3894294186642,1,9,2001,"sst","degC"
"mean","GB",15.4251609183194,1,10,2001,"sst","degC"
"mean","GB",12.742718989389,1,11,2001,"sst","degC"
"mean","GB",10.7043913791054,1,12,2001,"sst","degC"
"mean","GB",8.23757763076247,1,1,2002,"sst","degC"
"mean","GB",6.3524559924477,1,2,2002,"sst","degC"
"mean","GB",6.16691556729768,1,3,2002,"sst","degC"
"mean","GB",7.35172794157999,1,4,2002,"sst","degC"
"mean","GB",9.46143158276876,1,5,2002,"sst","degC"
"mean","GB",12.9449324607849,1,6,2002,"sst","degC"
"mean","GB",17.2930359003837,1,7,2002,"sst","degC"
"mean","GB",20.2149740520277,1,8,2002,"sst","degC"
"mean","GB",18.5643650858026,1,9,2002,"sst","degC"
"mean","GB",15.6621304394906,1,10,2002,"sst","degC"
"mean","GB",12.2577511469523,1,11,2002,"sst","degC"
"mean","GB",9.06261722665084,1,12,2002,"sst","degC"
"mean","GB",6.51567614705939,1,1,2003,"sst","degC"
"mean","GB",4.98678247552169,1,2,2003,"sst","degC"
"mean","GB",4.49698913306521,1,3,2003,"sst","degC"
"mean","GB",4.8448536772477,1,4,2003,"sst","degC"
"mean","GB",8.57679382123445,1,5,2003,"sst","degC"
"mean","GB",12.4323798982721,1,6,2003,"sst","degC"
"mean","GB",17.1164257568226,1,7,2003,"sst","degC"
"mean","GB",19.2605995044374,1,8,2003,"sst","degC"
"mean","GB",17.9536516875551,1,9,2003,"sst","degC"
"mean","GB",15.1984744406583,1,10,2003,"sst","degC"
"mean","GB",12.2227160972461,1,11,2003,"sst","degC"
"mean","GB",8.83826523078115,1,12,2003,"sst","degC"
"mean","GB",6.117512585824,1,1,2004,"sst","degC"
"mean","GB",4.52216262775555,1,2,2004,"sst","degC"
"mean","GB",4.29025173396395,1,3,2004,"sst","degC"
"mean","GB",5.31994432106353,1,4,2004,"sst","degC"
"mean","GB",8.45950744026586,1,5,2004,"sst","degC"
"mean","GB",11.7404529169986,1,6,2004,"sst","degC"
"mean","GB",16.1810776894553,1,7,2004,"sst","degC"
"mean","GB",18.0596996608533,1,8,2004,"sst","degC"
"mean","GB",17.3671224075451,1,9,2004,"sst","degC"
"mean","GB",14.2968644761203,1,10,2004,"sst","degC"
"mean","GB",10.7085640974212,1,11,2004,"sst","degC"
"mean","GB",8.84385095562851,1,12,2004,"sst","degC"
"mean","GB",6.67344638757538,1,1,2005,"sst","degC"
"mean","GB",4.92848043901879,1,2,2005,"sst","degC"
"mean","GB",4.1589246402707,1,3,2005,"sst","degC"
"mean","GB",5.74247649259735,1,4,2005,"sst","degC"
"mean","GB",8.3851809250681,1,5,2005,"sst","degC"
"mean","GB",13.0989967731007,1,6,2005,"sst","degC"
"mean","GB",17.4384942389371,1,7,2005,"sst","degC"
"mean","GB",19.3742892449362,1,8,2005,"sst","degC"
"mean","GB",18.7583942329674,1,9,2005,"sst","degC"
"mean","GB",16.6638677329348,1,10,2005,"sst","degC"
"mean","GB",12.3699499682376,1,11,2005,"sst","degC"
"mean","GB",8.89920181558843,1,12,2005,"sst","degC"
"mean","GB",7.48283796143114,1,1,2006,"sst","degC"
"mean","GB",5.91031628742553,1,2,2006,"sst","degC"
"mean","GB",4.94006781201614,1,3,2006,"sst","degC"
"mean","GB",6.16405540600158,1,4,2006,"sst","degC"
"mean","GB",8.7917145344249,1,5,2006,"sst","degC"
"mean","GB",13.4235055572108,1,6,2006,"sst","degC"
"mean","GB",17.893188602046,1,7,2006,"sst","degC"
"mean","GB",19.3455995425843,1,8,2006,"sst","degC"
"mean","GB",17.6910434689438,1,9,2006,"sst","degC"
"mean","GB",15.3954806746098,1,10,2006,"sst","degC"
"mean","GB",12.5582891598082,1,11,2006,"sst","degC"
"mean","GB",10.5260297624688,1,12,2006,"sst","degC"
"mean","GB",8.90301620751097,1,1,2007,"sst","degC"
"mean","GB",5.65511891716405,1,2,2007,"sst","degC"
"mean","GB",4.38711365273124,1,3,2007,"sst","degC"
"mean","GB",5.00808467781335,1,4,2007,"sst","degC"
"mean","GB",8.08567610958166,1,5,2007,"sst","degC"
"mean","GB",11.321821396811,1,6,2007,"sst","degC"
"mean","GB",15.8230584880762,1,7,2007,"sst","degC"
"mean","GB",17.7726510198493,1,8,2007,"sst","degC"
"mean","GB",17.1112745017336,1,9,2007,"sst","degC"
"mean","GB",15.0669804372286,1,10,2007,"sst","degC"
"mean","GB",11.2531722721301,1,11,2007,"sst","degC"
"mean","GB",8.79371797411065,1,12,2007,"sst","degC"
"mean","GB",6.73453861370421,1,1,2008,"sst","degC"
"mean","GB",5.76346027223687,1,2,2008,"sst","degC"
"mean","GB",5.28576105728484,1,3,2008,"sst","degC"
"mean","GB",6.57223378566273,1,4,2008,"sst","degC"
"mean","GB",8.05511299350805,1,5,2008,"sst","degC"
"mean","GB",12.968786239624,1,6,2008,"sst","degC"
"mean","GB",17.7995242235953,1,7,2008,"sst","degC"
"mean","GB",18.6614766873811,1,8,2008,"sst","degC"
"mean","GB",17.0405698240849,1,9,2008,"sst","degC"
"mean","GB",14.8839612843698,1,10,2008,"sst","degC"
"mean","GB",12.1038476375111,1,11,2008,"sst","degC"
"mean","GB",9.2001299439815,1,12,2008,"sst","degC"
"mean","GB",6.53893025297868,1,1,2009,"sst","degC"
"mean","GB",4.64357131824159,1,2,2009,"sst","degC"
"mean","GB",4.57339829938454,1,3,2009,"sst","degC"
"mean","GB",6.00668698026423,1,4,2009,"sst","degC"
"mean","GB",9.00370664345591,1,5,2009,"sst","degC"
"mean","GB",13.4399851246884,1,6,2009,"sst","degC"
"mean","GB",17.1370850362276,1,7,2009,"sst","degC"
"mean","GB",19.2025603578802,1,8,2009,"sst","degC"
"mean","GB",17.0889674906145,1,9,2009,"sst","degC"
"mean","GB",14.3827558233027,1,10,2009,"sst","degC"
"mean","GB",13.9487832638255,1,11,2009,"sst","degC"
"mean","GB",10.950659061733,1,12,2009,"sst","degC"
"mean","GB",7.09717016261921,1,1,2010,"sst","degC"
"mean","GB",5.4662435995905,1,2,2010,"sst","degC"
"mean","GB",5.67510740380538,1,3,2010,"sst","degC"
"mean","GB",7.07515188267356,1,4,2010,"sst","degC"
"mean","GB",9.39046951762417,1,5,2010,"sst","degC"
"mean","GB",14.1534207578291,1,6,2010,"sst","degC"
"mean","GB",18.4246034371225,1,7,2010,"sst","degC"
"mean","GB",19.2548269305313,1,8,2010,"sst","degC"
"mean","GB",18.1240112907008,1,9,2010,"sst","degC"
"mean","GB",15.5484263520492,1,10,2010,"sst","degC"
"mean","GB",12.2311137433638,1,11,2010,"sst","degC"
"mean","GB",8.86493189293042,1,12,2010,"sst","degC"
"mean","GB",6.81690137846428,1,1,2011,"sst","degC"
"mean","GB",5.80126551996198,1,2,2011,"sst","degC"
"mean","GB",5.54783519527368,1,3,2011,"sst","degC"
"mean","GB",6.32272501159133,1,4,2011,"sst","degC"
"mean","GB",9.23081474973444,1,5,2011,"sst","degC"
"mean","GB",13.0851020562021,1,6,2011,"sst","degC"
"mean","GB",16.4415418725265,1,7,2011,"sst","degC"
"mean","GB",19.0089470461795,1,8,2011,"sst","degC"
"mean","GB",18.9864702893977,1,9,2011,"sst","degC"
"mean","GB",16.4426340889512,1,10,2011,"sst","degC"
"mean","GB",12.9188125258998,1,11,2011,"sst","degC"
"mean","GB",10.8005628920438,1,12,2011,"sst","degC"
"mean","GB",8.25606374155011,1,1,2012,"sst","degC"
"mean","GB",7.00409843628867,1,2,2012,"sst","degC"
"mean","GB",7.05151371370282,1,3,2012,"sst","degC"
"mean","GB",7.98754659870215,1,4,2012,"sst","degC"
"mean","GB",11.3167512876946,1,5,2012,"sst","degC"
"mean","GB",14.4223067216706,1,6,2012,"sst","degC"
"mean","GB",18.6867483205963,1,7,2012,"sst","degC"
"mean","GB",20.639583520722,1,8,2012,"sst","degC"
"mean","GB",19.9811604650397,1,9,2012,"sst","degC"
"mean","GB",17.1507806192365,1,10,2012,"sst","degC"
"mean","GB",13.5681516915037,1,11,2012,"sst","degC"
"mean","GB",10.5818984633998,1,12,2012,"sst","degC"
"mean","GB",8.10968573469865,1,1,2013,"sst","degC"
"mean","GB",6.70543845703727,1,2,2013,"sst","degC"
"mean","GB",6.69116284554465,1,3,2013,"sst","degC"
"mean","GB",6.80644722570453,1,4,2013,"sst","degC"
"mean","GB",10.5886556809409,1,5,2013,"sst","degC"
"mean","GB",13.866660502919,1,6,2013,"sst","degC"
"mean","GB",18.5930527720535,1,7,2013,"sst","degC"
"mean","GB",18.9020453503257,1,8,2013,"sst","degC"
"mean","GB",18.418303740652,1,9,2013,"sst","degC"
"mean","GB",16.1736781471654,1,10,2013,"sst","degC"
"mean","GB",12.7185493519432,1,11,2013,"sst","degC"
"mean","GB",9.56449047306128,1,12,2013,"sst","degC"
"mean","GB",6.9230191038366,1,1,2014,"sst","degC"
"mean","GB",6.05941088889775,1,2,2014,"sst","degC"
"mean","GB",5.57029415431776,1,3,2014,"sst","degC"
"mean","GB",6.70854957061901,1,4,2014,"sst","degC"
"mean","GB",9.70695511500041,1,5,2014,"sst","degC"
"mean","GB",13.5433300336202,1,6,2014,"sst","degC"
"mean","GB",17.786196482809,1,7,2014,"sst","degC"
"mean","GB",19.901745461581,1,8,2014,"sst","degC"
"mean","GB",19.2214965151067,1,9,2014,"sst","degC"
"mean","GB",16.6294309130886,1,10,2014,"sst","degC"
"mean","GB",12.6494909587659,1,11,2014,"sst","degC"
"mean","GB",10.400220519618,1,12,2014,"sst","degC"
"mean","GB",8.55269362842827,1,1,2015,"sst","degC"
"mean","GB",5.90281001622217,1,2,2015,"sst","degC"
"mean","GB",4.81065355319726,1,3,2015,"sst","degC"
"mean","GB",5.70013730358659,1,4,2015,"sst","degC"
"mean","GB",9.94775306132802,1,5,2015,"sst","degC"
"mean","GB",13.6327306345889,1,6,2015,"sst","degC"
"mean","GB",17.7611088083501,1,7,2015,"sst","degC"
"mean","GB",20.2442412292748,1,8,2015,"sst","degC"
"mean","GB",19.8312538381208,1,9,2015,"sst","degC"
"mean","GB",16.4290827784622,1,10,2015,"sst","degC"
"mean","GB",13.8095581824319,1,11,2015,"sst","degC"
"mean","GB",11.3399402969762,1,12,2015,"sst","degC"
"mean","GB",8.90659574458474,1,1,2016,"sst","degC"
"mean","GB",7.01438882476405,1,2,2016,"sst","degC"
"mean","GB",6.76226922503689,1,3,2016,"sst","degC"
"mean","GB",7.17164311074374,1,4,2016,"sst","degC"
"mean","GB",9.69158440723754,1,5,2016,"sst","degC"
"mean","GB",14.0566137213456,1,6,2016,"sst","degC"
"mean","GB",17.9154523213704,1,7,2016,"sst","degC"
"mean","GB",19.9170878393608,1,8,2016,"sst","degC"
"mean","GB",20.1832422122621,1,9,2016,"sst","degC"
"mean","GB",16.9964738728707,1,10,2016,"sst","degC"
"mean","GB",12.8350640514441,1,11,2016,"sst","degC"
"mean","GB",9.81172305240966,1,12,2016,"sst","degC"
"mean","GB",8.28422449764452,1,1,2017,"sst","degC"
"mean","GB",6.46034130297209,1,2,2017,"sst","degC"
"mean","GB",5.46992347533243,1,3,2017,"sst","degC"
"mean","GB",6.58073377190975,1,4,2017,"sst","degC"
"mean","GB",8.73960366583707,1,5,2017,"sst","degC"
"mean","GB",12.3300114430879,1,6,2017,"sst","degC"
"mean","GB",17.3476085160908,1,7,2017,"sst","degC"
"mean","GB",18.9461484540973,1,8,2017,"sst","degC"
"mean","GB",18.5470406214396,1,9,2017,"sst","degC"
"mean","GB",16.94119932777,1,10,2017,"sst","degC"
"mean","GB",13.7443037702326,1,11,2017,"sst","degC"
"mean","GB",10.3335821419431,1,12,2017,"sst","degC"
"mean","GB",7.42668064435323,1,1,2018,"sst","degC"
"mean","GB",7.05257503819047,1,2,2018,"sst","degC"
"mean","GB",6.40640051950488,1,3,2018,"sst","degC"
"mean","GB",7.31768695513407,1,4,2018,"sst","degC"
"mean","GB",9.77634952779402,1,5,2018,"sst","degC"
"mean","GB",13.2007043905425,1,6,2018,"sst","degC"
"mean","GB",17.9540884452954,1,7,2018,"sst","degC"
"mean","GB",20.2785847145214,1,8,2018,"sst","degC"
"mean","GB",19.33014277408,1,9,2018,"sst","degC"
"mean","GB",15.8562644908303,1,10,2018,"sst","degC"
"mean","GB",12.5571195702804,1,11,2018,"sst","degC"
"mean","GB",9.38599582304034,1,12,2018,"sst","degC"
"mean","GB",6.96132697557148,1,1,2019,"sst","degC"
"mean","GB",5.51294787515674,1,2,2019,"sst","degC"
"mean","GB",5.25032247576797,1,3,2019,"sst","degC"
"mean","GB",6.55715187808924,1,4,2019,"sst","degC"
"mean","GB",8.91040159108346,1,5,2019,"sst","degC"
"mean","GB",12.4488242969178,1,6,2019,"sst","degC"
"mean","GB",17.4982339373806,1,7,2019,"sst","degC"
"mean","GB",20.0601212016323,1,8,2019,"sst","degC"
"mean","GB",18.4228241987396,1,9,2019,"sst","degC"
"mean","GB",15.8973001429909,1,10,2019,"sst","degC"
"mean","GB",13.006914866598,1,11,2019,"sst","degC"
"mean","GB",9.43202015391567,1,12,2019,"sst","degC"
"mean","GB",7.80356802856713,1,1,2020,"sst","degC"
"mean","GB",7.20157272355598,1,2,2020,"sst","degC"
"mean","GB",5.96680517782245,1,3,2020,"sst","degC"
"mean","GB",6.80155833980493,1,4,2020,"sst","degC"
"mean","GB",8.86154196136876,1,5,2020,"sst","degC"
"mean","GB",13.2604090791,1,6,2020,"sst","degC"
"mean","GB",19.1287290673507,1,7,2020,"sst","degC"
"mean","GB",21.1201155645805,1,8,2020,"sst","degC"
"mean","GB",19.2712071067408,1,9,2020,"sst","degC"
"mean","GB",16.7171785204034,1,10,2020,"sst","degC"
"mean","GB",13.9106985309668,1,11,2020,"sst","degC"
"mean","GB",10.5694564685487,1,12,2020,"sst","degC"
"mean","GB",8.65981309037459,1,1,2021,"sst","degC"
"mean","GB",6.96915710808938,1,2,2021,"sst","degC"
"mean","GB",5.75915946876794,1,3,2021,"sst","degC"
"mean","GB",6.97302905300207,1,4,2021,"sst","degC"
"mean","GB",10.3304271112409,1,5,2021,"sst","degC"
"mean","GB",15.3163183195549,1,6,2021,"sst","degC"
"mean","GB",18.9807408650716,1,7,2021,"sst","degC"
"mean","GB",20.9067623573437,1,8,2021,"sst","degC"
"mean","GB",19.6216369428133,1,9,2021,"sst","degC"
"mean","GB",17.4357862723501,1,10,2021,"sst","degC"
"mean","GB",13.860496771963,1,11,2021,"sst","degC"
"mean","GB",10.7695045680331,1,12,2021,"sst","degC"
"mean","GB",8.89938861863655,1,1,2022,"sst","degC"
"mean","GB",7.26768468973929,1,2,2022,"sst","degC"
"mean","GB",6.60765126713535,1,3,2022,"sst","degC"
"mean","GB",7.1583857996422,1,4,2022,"sst","degC"
"mean","GB",10.4986613382373,1,5,2022,"sst","degC"
"mean","GB",14.6175464078,1,6,2022,"sst","degC"
"mean","GB",18.253972337957,1,7,2022,"sst","degC"
"mean","GB",20.4202116916054,1,8,2022,"sst","degC"
"mean","GB",19.2522715351038,1,9,2022,"sst","degC"
"mean","GB",16.4436696956032,1,10,2022,"sst","degC"
"mean","GB",14.9815231122469,1,11,2022,"sst","degC"
"mean","GB",11.5071814520317,1,12,2022,"sst","degC"
"mean","GB",8.64811527519895,1,1,2023,"sst","degC"
"mean","GB",7.72766273900082,1,2,2023,"sst","degC"
"mean","GB",6.86637505732085,1,3,2023,"sst","degC"
"mean","GB",8.33052026179799,1,4,2023,"sst","degC"
"mean","GB",9.80871512597067,1,5,2023,"sst","degC"
"mean","GB",13.5455434949774,1,6,2023,"sst","degC"
"mean","GB",18.4870227177938,1,7,2023,"sst","degC"
"mean","GB",19.1203476253309,1,8,2023,"sst","degC"
"mean","GB",17.5624732552913,1,9,2023,"sst","degC"
"mean","GB",15.0499826648779,1,10,2023,"sst","degC"
"mean","GB",12.0591312876919,1,11,2023,"sst","degC"
"mean","GB",9.44325393542909,1,12,2023,"sst","degC"
"mean","GB",6.79481306410672,1,1,2024,"sst","degC"
"mean","GB",5.08327574688092,1,2,2024,"sst","degC"
"mean","GB",5.62079219023387,1,3,2024,"sst","degC"
"mean","GB",6.26835072667975,1,4,2024,"sst","degC"
"mean","GB",8.79197776526735,1,5,2024,"sst","degC"
"mean","GB",13.8639470736186,1,6,2024,"sst","degC"
"mean","GB",17.4111399985196,1,7,2024,"sst","degC"
"mean","GB",19.59160396509,1,8,2024,"sst","degC"
"mean","GB",18.3780171160112,1,9,2024,"sst","degC"
"mean","GB",15.592017232326,1,10,2024,"sst","degC"
"mean","GB",12.0662365545306,1,11,2024,"sst","degC"
"mean","GB",8.75121090286656,1,12,2024,"sst","degC"
"mean","GB",6.45245315526661,1,1,2025,"sst","degC"
"mean","GB",4.8731045356968,1,2,2025,"sst","degC"
"mean","GB",4.54946508114798,1,3,2025,"sst","degC"
"mean","GB",5.87691508677968,1,4,2025,"sst","degC"
"mean","GB",9.37803036288211,1,5,2025,"sst","degC"
"mean","GB",12.9483944574992,1,6,2025,"sst","degC"
"mean","GB",18.0633329173975,1,7,2025,"sst","degC"
"mean","GB",18.7726595192625,1,8,2025,"sst","degC"
"mean","GB",18.3834586059838,1,9,2025,"sst","degC"
"mean","GB",15.9935027841936,1,10,2025,"sst","degC"
"mean","GB",11.7375815625776,1,11,2025,"sst","degC"
"mean","GB",9.11339823823226,1,12,2025,"sst","degC"
"mean","GB",6.24000552453493,1,1,2026,"sst","degC"
"mean","GB",4.87801992422656,1,2,2026,"sst","degC"
"mean","GB",4.81448490159553,1,3,2026,"sst","degC"
